"src","tgt"
"Baby wearing an orange shirt and matching headband with a wide smile .","Ein Baby mit einem breiten Lächeln , das ein orangefarbenes Hemd und ein passendes Stirnband trägt ."
"A young white man with a short beard rocks out on his guitar .","Ein junger weißer Mann mit kurzem Bart rockt auf seiner Gitarre ."
"A woman touching a man 's face on a wall after they took a break from riding motorcycles .","Eine Frau auf einer Mauer , die das Gesicht eines Mannes berührt , nachdem sie eine Pause vom Motorradfahren gemacht haben ."
"An adult woman and a young male child walking along a pier , holding an umbrella , while it 's raining .","Eine erwachsene Frau und ein männliches Kind gehen an einer Anlegestelle entlang und halten einen Schirm , während es regnet ,"
"A school boy , with a backpack on , jumping off a wall .","Ein Schuljunge mit Rucksack , der von einer Mauer springt ."
"A smiling man in a white shirt is grilling on an open grill .","Ein lächelnder Mann mit weißem Hemd grillt an einem offenen Grill ."
"A white dog watching a black dog in the air .","Ein weißer Hund beobachtet einen schwarzen Hund in der Luft ."
"A black dog jumps to catch a ball in his mouth near a rock wall .","Ein schwarzer Hund springt nahe einer Felswand , um einen Ball im Maul zu fangen ."
"A man reading a newspaper in a train .","Ein Mann liest im Zug eine Zeitung ."
"A dog , lying down , tethered to the side mirror of a yellow VW bus .","Ein liegender Hund , der am Seitenspiegel eines gelben VW @-@ Busses angebunden ist ."
"Two men sitting on a bench between two trees overlooking an Autumn landscape .","Zwei Männer , die auf einer Bank zwischen zwei Bäumen sitzen und auf eine Herbstlandschaft blicken ."
"The boy hits the blue and white soccer ball with his knee .","Der Junge trifft den blau @-@ weißen Fußball mit dem Knie ."
"A man is intently observing a slide through a microscope .","Ein Mann blickt konzentriert durch ein Mikroskop auf ein Objektglas ."
"A child is looking up at an adult while sitting in a stroller on a city sidewalk .","Ein Kind , das in einem Sportwagen auf einem städtischen Bürgersteig sitzt , blickt zu einem Erwachsenen hoch ."
"A toddler girl in a swing is laughing .","Ein Mädchen im Kleinkindalter sitzt in einer Schaukel und lacht ."
"A group of seven people are eating at a table draped in a black tablecloth .","Eine aus sieben Personen bestehende Gruppe isst an einem Tisch mit schwarzer Tischdecke ."
"Two men are chopping down weeds in their yard .","Zwei Männer hacken in ihrem Hof Unkraut weg ."
"A man in a red coat is driving a vehicle .","Ein Mann im roten Mantel fährt ein Fahrzeug ."
"Woman and small black dog walking across pavement","Eine Frau und ein kleiner schwarzer Hund , die auf dem Asphalt gehen"
"A group of children running in the grass .","Eine Gruppe von Kindern , die im Gras rennen ."
"A man in purple , white , and yellow on stilts .","Ein Mann in Violett , Weiß und Gelb auf Stelzen ."
"A man in a tattered shirt and pants , sitting on a chair and weaving something .","Ein Mann mit zerlumpter Kleidung , der auf einem Stuhl sitzt und etwas webt ."
"Man in flowery costume and hat performs with hula @-@ hoop in city street .","Ein Mann in einem geblümten Kostüm und Hut führt auf der Straße einer Stadt etwas mit einem Hula @-@ Hoop @-@ Reifen vor ."
"A man wearing a green jacket and knit hat is sorting tomatoes at an outdoor market .","Ein Mann mit grüner Jacke und Strickmütze auf einem Markt im Freien sortiert Tomaten ."
"Two dogs are running through the surf .","Zwei Hunde rennen durch die Brandung ."
"A dog is running through high grass with a woman wearing red in the background .","Ein Hund rennt durch hohes Gras , im Hintergrund eine Frau , die etwas Rotes trägt ."
"A woman waiting on a sidewalk for something .","Eine Frau auf einem Bürgersteig wartet auf etwas ."
"A man sits on the sidewalk in front of an Asian restaurant as people pass .","Ein Mann sitzt auf dem Bürgersteig vor einem asiatischen Restaurant , während andere vorbeigehen ."
"A group of people standing around two men sitting wearing turbans .","Eine Gruppe steht um zwei sitzende Männer herum , die Turbane tragen ."
"A goalie attempts to block a puck hit by a player at an ice hockey game .","Bei einem Hockeyspiel versucht ein Goalie , einen Puck zu blockieren , der von einem Spieler geschlagen wird ."
"An Asian woman rides a bicycle in front of two cars .","Eine asiatische Frau vor zwei Autos fährt Fahrrad ."
"A woman seated at a table is knitting and watching a hockey game on tv .","Eine Frau an einem Tisch strickt und sieht ein Hockeyspiel im Fernsehen ."
"A woman works a project with thread in hand .","Eine Frau arbeitet an etwas und hat Faden in der Hand ."
"One boy is trying to kiss another in a school lunch room .","Ein Junge in einer Schulkantine versucht einen anderen zu küssen ."
"The passengers on the bus are bored .","Die Passagiere im Bus langweilen sich ."
"An elderly man wearing a hat and jacket is bicycling down a brick paved path while sunlight streams through autumn trees ahead .","Ein älterer Mann mit Hut und Jackett fährt mit dem Fahrrad einen mit Ziegeln gepflasterten Weg entlang , während weiter vorn Sonnenlicht durch Herbstbäume strahlt ."
"A group of people working at a conference table , in an office .","Eine Gruppe arbeitet in einem Büro an einem Konferenztisch ."
"Asian man in suit and glasses takes a nap by the doors in a subway .","Ein asiatischer Mann mit Anzug und Brille macht in einer U @-@ Bahn neben den Türen ein Nickerchen ."
"A boy looks down and spreads his arms wide","Ein Junge blickt nach unten und spreizt die Arme weit auseinander ."
"A group of people wearing blue shirts , standing in the grass .","Eine Gruppe mit blauen Oberteilen , die im Gras steht ."
"A bicyclist and a man in a suit are sitting near a fountain talking on cellphones .","Ein Fahrradfahrer und ein Mann im Anzug sitzen neben einem Brunnen und sprechen mit Handys ."
"A beautiful long @-@ haired blond girl dressed in a blue and green bikini walking down a street","Eine schönes Mädchen mit langen blonden Haaren , das einen blau @-@ grünen Bikini trägt und eine Straße entlang geht"
"A street performer with a white face watches people walk by .","Ein Straßenkünstler mit weißem Gesicht sieht zu , wie die Leute vorbei gehen ."
"A line of people going through an arid region past a sign , the people are either walking or riding animals .","Eine Reihe von Menschen , die durch eine trockene Gegend an einem Schild vorbei gehen , wobei sie entweder zu Fuß gehen oder Tiere reiten ."
"A married couple is sitting in a vehicle .","Ein verheiratetes Paar sitzt in einem Fahrzeug ."
"Several motorcycles are parked on one parking space .","Mehrere Motorräder sind auf einem Parkplatz geparkt ."
"A small girl slides down a spiral slide at the playground .","Ein kleines Mädchen rutscht auf einer spiralförmigen Rutsche auf dem Spielplatz ."
"Two men working outside cleaning the street in their orange uniforms .","Zwei Männer in orangefarbenen Uniformen arbeiten im Freien und reinigen die Straße ."
"A policeman is shown working a block party .","Es wird ein Polizist gezeigt , der auf einem Straßenfest arbeitet ."
"A male is standing on a base pitching a ball .","Eine männliche Person steht an einer Base und wirft einen Ball ."
"Two young girls are riding red tricycles .","Zwei Mädchen fahren rote Dreiräder ."
"Beautiful woman dancing on a parade float holding a little boy .","Eine schöne Frau , die auf dem Fahrzeug einer Parade tanzt und einen kleinen Jungen hält ."
"A many dressed in army gear walks on the crash walking a brown dog .","Ein Mann in Armeekleidung mit einem braunen Hund geht vom Unfallort weg ."
"A man in a military uniform stands next to what appears to be a military k @-@ 9 dog , with a loudspeaker in the foreground , and other military personnel and military vehicles in the background .","Ein Mann in Militäruniform steht neben einem Hund , der wie ein k @-@ 9 @-@ Militärhund aussieht , im Vordergrund ein Lautsprecher , im Hintergrund andere Militärangehörige und Militärfahrzeuge ."
"Man taking a picture in a crowd of people .","Ein Mann , der in einer Menschenmenge ein Foto macht ."
"A man and a woman walk through the street during a parade .","Ein Mann und eine Frau gehen während einer Parade die Straße entlang ."
"A group of people competing in the Race for a Cure .","Mehrere Personen nehmen an „ Race for a Cure “ teil ."
"A large group of people are walking for a cause .","Eine große Menschengruppe geht für einen guten Zweck ."
"A fisherman works on his net while on shore .","Ein Fischer an Land arbeitet an seinem Netz ."
"A group of people are riding on a John Deere tractor in a field .","Eine Gruppe fährt auf einem John Deere @-@ Traktor in einem Feld ."
"There is a group of small children some wearing backpacks sitting on a hill .","Eine Gruppe kleiner Kinder , die auf einem Hügel sitzen und von denen einige Rucksäcke tragen ."
"A group of people are riding on a train while looking out of a window .","Mehrere Personen fahren Zug und blicken aus dem Fenster ."
"A man and child posing in front of a train .","Ein Mann und ein Kind posieren vor einem Zug ."
"The little boy in the red shirt put his head out of the window of the train .","Der kleine Junge im roten Hemd streckt seinen Kopf aus dem Zugfenster ."
"People walking on a sidewalk past a parked train .","Leute , die auf einem Gehweg neben einem geparkten Zug gehen ."
"Young children and adults walk around platform 9 next to the train .","Kinder und Erwachsene gehen auf Bahnsteig 9 neben dem Zug ."
"Three women chat while sitting in a waiting area .","Drei Frauen , die in einem Wartebereich sitzen und miteinander reden ."
"A woman in a pink jacket is walking past a display window with a red dress in an urban setting .","Eine Frau in rosafarbener Jacke geht in einer städtischen Umgebung an einem Schaufenster mit einem roten Kleid vorbei ."
"A person reading something is sitting under the tree .","Eine Person sitzt unter dem Baum und liest etwas ."
"2 men painting a wooden bench outside .","2 Männer , die eine Holzbank im Freien lackieren ."
"Two nurses sitting on a bench waiting for a bus .","Zwei Pflegerinnen , die auf einer Bank sitzen und auf einen Bus warten ."
"A man is standing next to a red door .","Ein Mann steht neben einer roten Tür ."
"An older workman is standing in wet cement with a trowel .","Ein älterer Arbeiter steht mit einer Kelle in nassem Zement ."
"A man in a blue shirt is standing in a doorway .","Ein Mann mit blauem Hemd steht in einer Toreinfahrt ."
"A man holding a camera underwater .","Ein Mann hält eine Kamera unter Wasser ."
"A brown dog faces a black dog and a white dog in a field of long grass .","Ein brauner Hund steht in einem Feld mit langem Gras einem schwarzen und einem weißen Hund gegenüber ."
"Three dogs are running through a grassy field .","Drei Hunde rennen über eine Wiese ."
"Many people are standing on a bus with bright yellow overhead handles .","Viele Menschen stehen auf einem Bus mit leuchtenden gelben Griffen im oberen Bereich ."
"A little boy shakes the snow off of a tree .","Ein kleiner Junge schüttelt den Schnee von einem Baum ."
"A younger child wearing a red sweater showing us whats in his hand .","Ein jüngeres Kind mit einem roten Pullover , das uns zeigt , was in seiner Hand ist ."
"A man drilling a hole into a metal canister .","Ein Mann , der ein Loch in einen Metallkanister bohrt ."
"A dog walking along a cracked and ashen surface .","Ein Hund , der auf einer rissigen aschgrauen Fläche läuft ."
"Seven people sitting around a black table playing a card game .","Sieben Personen sitzen um einen schwarzen Tisch und spielen Karten ."
"A man in a black shirt and glasses is slicing a tomato at a kitchen table .","Ein Mann mit schwarzem Hemd und Brille schneidet an einem Küchentisch Tomaten ."
"Young boys bringing home some fruit .","Jungen bringen etwas Obst nach Hause ."
"Crouching Man in all white shirt and pants is working with a large loom .","Ein mit weißem Hemd und weißer Hose bekleideter Mann in der Hocke arbeitet an einem großen Webstuhl ."
"A man picking up a big rock .","Ein Mann hebt einen großen Stein auf ."
"Two people in rafting gear standing on a dry , rocky riverbank , pointing at the river .","Zwei Personen in Rafting @-@ Ausrüstung stehen an einem trockenen , steinigen Flussufer und zeigen auf den Fluss ."
"A boy is kicking a ball as other children watch him .","Ein Junge kickt einen Ball , andere Kinder sehen ihm zu ."
"Four elderly women sit and speak on a park bench .","Vier ältere Frauen sitzen auf einer Parkbank und sprechen miteinander ."
"Man in white shirt and tan pants is putting new shingles on roof .","Ein Mann mit weißem Hemd und hellbraunen Hosen bringt neue Schindeln auf dem Dach an ."
"Construction workers in yellow and orange work on a city street .","Gelb und orange gekleidete Bauarbeiter arbeiten in einer Stadt auf der Straße ."
"A man pushes a four wheeled card down the street .","Ein Mann schiebt einen vierrädrigen Karren die Straße entlang ."
"A man wearing a red life vest waves as he waterskiis .","Ein Mann mit einer roten Schwimmweste fährt Wasserski und winkt ."
"Person in red ski jacket skiing backwards","Eine Person mit roter Skijacke fährt rückwärts Ski ."
"A man wearing a red life jacket is water @-@ skiing across a bay .","Ein Mann mit einer roten Schwimmweste fährt durch eine Bucht Wasserski ."
"A child with and adult hand .","Ein Kind mit der Hand einer erwachsenen Person ."
"A girl stands next to a bike parked in front of a building while two men , one carrying a guitar , walk by .","Ein Mädchen steht neben einem Fahrrad , das vor einem Gebäude geparkt ist , während zwei Männer , einer davon mit Gitarre , vorbei gehen ."
"Two young boys playing checkers in a room .","Zwei Jungen in einem Zimmer spielen Dame ."
"People at a dock receiving and shipping out merchandise near a nice big white boat .","Leute an einen Dock in der Nähe eines schönen großen weißen Boots nehmen Waren entgegen und verschiffen Waren ."
"A woman sits in rocks by the ocean .","Eine Frau sitzt auf Steinen am Meer ."
"A fisherman fishes at the bank of a foggy river .","Ein Angler fischt am Ufer eines nebligen Flusses ."
"A man plays his guitar on the beach .","Ein Mann spielt am Strand Gitarre ."
"In this distorted photo a man is shown on a dirt path with a jumping dog .","Dieses verzerrte Foto zeigt einen Mann auf einem Feldweg mit einem springenden Hund ."
"Young man peeling lemon with a knife into a red basket .","Ein junger Mann , der mit einem Messer eine Zitrone in einen roten Korb schält ."
"A black dog leaps out of the water .","Ein schwarzer Hund springt aus dem Wasser ."
"Group of participants walk behind float in Asian parade .","Eine Teilnehmergruppe geht in einem asiatischen Umzug hinter einem Wagen ."
"Two people sitting , facing away , with dreadlocks .","Zwei abgewandt sitzende Personen mit Dreadlocks ."
"A construction worker building walls with a drill .","Ein Bauarbeiter , der Wände baut , mit einem Bohrer ."
"A couple stands at the top of the stairs and two people stand at the bottom .","Ein Paar steht oben auf der Treppe und zwei Personen stehen unten ."
"The music concert is just started at the Giant stadium","Das Konzert in dem riesigen Stadion hat gerade begonnen ."
"Traffic cop directing traffic in front of a car with ohio plates on it .","Ein Verkehrspolizist , der den Verkehr regelt , vor einem Auto mit einem Kennzeichen aus Ohio ."
"A blond man passionately sings into the microphone .","Ein blonder Mann singt leidenschaftlich ins Mikrofon ."
"A person with a multicolored hat stands just behind a mosaic featuring Spanish words and in front of a grassy hill .","Eine Person mit mehrfarbiger Mütze steht direkt hinter einem Mosaik mit spanischen Worten vor einem Grashügel ."
"Two women float in a Busch Gardens barrel through a winding water ride .","Zwei Frauen fahren in einem Busch Gardens @-@ Fass durch einen gewundene Wasserrutsche ."
"A female biker dressed in red uses a communication device while another walks by .","Eine rot gekleidete Motorradfahrerin benutzt ein Kommunikationsgerät , während eine andere vorbei geht ."
"Two men are waiting on the street corner though it is raining .","Zwei Männer warten an der Straßenecke , obwohl es regnet ."
"Two men in black coats stand by the side of a building .","Zwei Männer in schwarzen Mänteln stehen neben einem Gebäude ."
"A man in a red shirt plays an electric guitar .","Ein Mann mit rotem Hemd spielt eine Elektrogitarre ."
"A group of adults and children are at an amusement park watching over a railing .","Eine aus Erwachsenen und Kindern bestehende Gruppe befindet sich in einem Vergnügungspark und blickt über ein Geländer ."
"A man pushes a child on a toy train set .","Ein Mann schiebt ein Kind auf einem Spielzeugzug ."
"Bum listening to the radio by a light post near the beach .","Ein Obdachloser hört bei einem Ampelmast in der Nähe des Strands Radio ."
"A little girl gets in to a pool .","Ein kleines Mädchen steigt in ein Schwimmbecken ."
"A boy and a middle @-@ aged woman are walking out from a crowd outside .","Ein Junge und eine Frau mittleren Alters verlassen eine Menschenansammlung im Freien ."
"A man and a boy are tasting fruit .","Ein Mann und ein Junge kosten Obst ."
"A man and a woman enjoy a nice meal at an outdoor restaurant .","Ein Mann und eine Frau lassen es sich bei einer schönen Mahlzeit in einem Biergarten gut gehen ."
"A man in a yellow shirt is sawing some plywood .","Ein Mann mit gelbem Hemd sägt Sperrholz ."
"A woman in a blue , tan and beige striped shirt is smoking .","Eine Frau mit einem blau , braun und beige gestreiften Hemd raucht ."
"A young man is standing in the kitchen holding a large casserole dish .","Ein junger Mann steht in der Küche und hält einen großen Schmortopf ."
"A man in a red shirt and a woman in a colorful shirt and sitting outside .","Ein Mann mit rotem Hemd und eine Frau in einem bunten Oberteil , die draußen sitzen ."
"A lively adult karate practice at the dojo .","Eine lebhafte Karate @-@ Übungsstunde für Erwachsene im Sportzentrum ."
"A young baby wearing green is playing with the vacuum hose on the floor .","Ein kleines grün gekleidetes Baby spielt auf dem Boden mit dem Staubsaugerschlauch ."
"A man and woman are washing dirty dishes inside a kitchen .","Ein Mann und eine Frau spülen in einer Küche das schmutzige Geschirr ."
"A white male entertainer on the street wearing a black shirt and blue hat with a yellow stripe .","Ein weißer männlicher Entertainer auf der Straße mit einem schwarzem Hemd und einem blauem Hut mit einem gelben Streifen ."
"A artist painting the wall covered in bamboo .","Ein Künstler , der die Wand über und über mit Bambus bemalt ."
"Man in black shirt hugging woman in white shirt , gray skirt .","Ein Mann mit einem schwarzen Hemd , der eine Frau mit einem weißen Hemd und grauen Rock umarmt ."
"A girl with a pink shirt is running through flowery grass .","Ein Mädchen mit einem rosafarbenen Oberteil rennt durch eine Blumenwiese ."
"A few tourists taking pictures of their dogs with the cloudy sky as the background .","Ein paar Touristen , die Bilder von ihren Hunden machen , im Hintergrund ein wolkiger Himmel ."
"A man playing guitar and singing outdoors .","Ein Mann im Freien spielt Gitarre und singt ."
"A man in a blue shirt and a woman in a dress having a conversation while drinking .","Ein Mann mit einem blauen Hemd und eine Frau im Kleid trinken etwas und unterhalten sich ."
"Two people are carrying a basket filled with food down the alleyway .","Zwei Personen tragen einen mit Essen gefüllten Korb den Korridor entlang ."
"While seated on a chair , a man wearing a blue shirt , gray pants , multicolored bandanna , and no shoes is blowing through a long tube .","Ein Mann ohne Schuhe , mit blauen Hemd , grauen Hosen , mehrfarbigem Halstuch , sitzt auf einem Stuhl und bläst durch ein langes Rohr ."
"Construction workers fixing railroad track .","Bauarbeiter , die Bahngleise reparieren ."
"A construction worker does some grinding on a piece of iron .","Ein Bauarbeiter führt Schleifarbeiten an einem Metallstück aus ."
"Two woman playing around and smiling .","Zwei Frauen spielen herum und lächeln ."
"Workers in reflective clothing with shovels on a train track .","Arbeiter mit Schaufeln in reflektierender Kleidung auf einem Bahngleis ."
"Two women walking by a store and looking in .","Zwei Frauen gehen an einem Laden vorbei und sehen hinein ."
"A mother stands in a kitchen holding a small baby .","Eine Mutter steht in einer Küche und hält ein kleines Baby ."
"A young boy is sitting on the grass .","Ein Junge sitzt auf der Wiese ."
"Two men having a conversation about business over beers .","Zwei Männer unterhalten sich bei einem Bier über Geschäftliches ."
"Two women with brown hair talk .","Zwei Frauen mit braunen Haaren sprechen miteinander ."
"A woman wearing a babushka is sitting and sleeping inside a flower shop .","Eine Frau mit einem Kopftuch sitzt schlafend in einem Blumenladen ."
"A group of people are working on a sand sculpture .","Mehrere Personen arbeiten an einer Sandskulptur ."
"There is a group of people and a black dog in a living and dining room , some sleeping some eating .","Mehrere Menschen und ein schwarzer Hund in einem Ess- und Wohnzimmer , einige schlafen , einige essen ."
"Physically challenged person sitting on his wheelchair in a park .","Eine körperbehinderte Person , die im Rollstuhl im Park sitzt ."
"A child sleeps on a couch with his mouth open and his hand draped across his chest .","Ein Kind schläft auf einer Couch mit offenem Mund und einer Hand über der Brust ."
"Five adults are sitting on stone steps .","Fünf Erwachsene sitzen auf Steinstufen ."
"A young woman in a green blouse holding a plastic bag standing on the subway .","Eine junge Frau mit grüner Bluse , die in der U @-@ Bahn steht und eine Plastiktüte hält ."
"The store was open even though a man was working on the building .","Der Laden war offen , obwohl ein Mann am Gebäude gearbeitet hat ."
"A man at work is doing a small welding job with a soldering tool .","Ein Mann auf der Arbeit erledigt mit einem Lötwerkzeug eine kleine Schweißarbeit ."
"A brown and white dog trotting down the road in autumn .","Ein braun @-@ weißer Hund der im Herbst eine Straße entlang trottet ."
"A young person with a Mohawk and a nose piercing in a plaid shirt .","Eine junge Person mit Iro und Nasenpiercing in einem karierten Hemd ."
"A man in a purple jacket has an expression on his face .","Ein Mann in einer violetten Jacke hat einen Ausdruck auf seinem Gesicht ."
"An elderly woman wearing a bathing suit is holding a picket sign while participating in a demonstration about immigration .","Eine ältere Frau im Badeanzug nimmt an einer Demonstration zum Thema Immigration teil und hält ein Plakat ."
"A bongo player wearing a red shirt playing in a band .","Ein Bongospieler mit einem roten Hemd , der in einer Band spielt ."
"Two soccer team on a soccer field with the referee .","Zwei Fußballteams auf einem Fußballfeld mit dem Schiedsrichter ."
"Three boys playing soccer .","Drei Jungen spielen Fußball ."
"Two boys are standing in the middle of the street , the one with black shorts is standing back clapping his hands together while the other on in gray is running forward .","Zwei Jungen stehen mitten auf der Straße , der mit schwarzen kurzen Hosen steht hinten und klatscht in die Hände , während der grau gekleidete nach vorn rennt ."
"A boy running on the sidewalk in front of a blue building .","Ein Junge , der auf dem Bürgersteig vor einem blauen Gebäude rennt ."
"A black and white dog plays in the water .","Ein schwarz @-@ weißer Hund spielt im Wasser ."
"A child on a fake horse ride .","Ein Kind auf einem Schaukelpferd ."
"A man with a microphone reads from a piece of paper as he stands in front of two men holding tubas .","Ein Mann mit Mikrofon steht vor zwei Männern mit Tubas und liest etwas von einem Stück Papier vor ."
"A crowd is watching a dog climb up a staircase .","Eine Menschenmenge sieht zu , wie ein Hund eine Treppe hochklettert ."
"An woman sits on a gray bench in front of a concrete wall with graffiti .","Eine Frau sitzt auf einer grauen Bank vor einer Betonwand mit Graffiti ."
"A man wearing a black shirt and jeans is bowling with a ball and 9 spray cans .","Ein Mann mit schwarzem Hemd und Jeans spielt mit einem Ball und 9 Sprühdosen Bowling ."
"A woman in a dark blue T @-@ shirt is weaving a striped piece of material .","Eine Frau mit einem dunkelblauen T @-@ Shirt webt etwas Gestreiftes ."
"An antelope runs through tall brown grass .","Eine Antilope rennt durch hohes braunes Gras ."
"A lady wearing a ball cap learns to weave cloth from a lady instructor .","Eine Dame mit Schildkappe lernt von einer Lehrerin wie man Stoff webt ."
"A street performer with a guitar .","Ein Straßenkünstler mit einer Gitarre ."
"Two men wearing black vests and white shirts and a girl are holding bottles of beer .","Zwei Männer mit schwarzen Westen und weißen Hemden und ein Mädchen , alle mit Bierflaschen ."
"Two individuals intertwined along a cement walkway .","Zwei ineinander verschlungene Personen auf einem Zementweg ."
"Two girls are walking along the street and talking .","Zwei Mädchen gehen die Straße entlang und reden ."
"Man in suit takes a nap in the park .","Ein Mann im Anzug macht im Park ein Nickerchen ."
"A small boy wearing blue balances as he walks on a large rock .","Ein blau gekleideter kleiner Junge balanciert auf einem großen Felsen ."
"Two dogs playing on grass .","Zwei Hunde , die auf einer Wiese spielen ."
"Three men are set up outside in front of a building , each playing an instrument .","Drei Männer haben sich vor einem Gebäude aufgestellt und jeder von ihnen spielt ein Instrument ."
"Cheerleaders are on the field cheering .","Cheerleader sind auf dem Platz und feuern die Spieler an ."
"Mexican women in decorative white dresses perform a dance as part of a parade .","Mexikanische Frauen in hübschen weißen Kleidern führen im Rahmen eines Umzugs einen Tanz auf ."
"Two men wearing coats and holding guns carrying a dead rabbit .","Zwei Männer in Mänteln mit Gewehren , die einen toten Hasen tragen ."
"A man wearing a suit stands on the street with his right hand outstretched .","Ein Mann im Anzug steht mit ausgestreckter rechter Hand auf der Straße ."
"The man waves to his family from atop the bridge .","Der Mann winkt seiner Familie von einer Brücke aus ."
"The picture is of a woman competing in a race doing the backstroke .","Dieses Bild zeigt eine Frau , die bei einem Wettschwimmen Rücken schwimmt ."
"Three men enjoying a good laugh .","Drei Männer lachen so richtig ."
"Two men in light colored shirts and dark pants sit on a balcony conversing as a lone car passes below .","Zwei Männer in hellen Hemden und dunklen Hosen sitzen auf einem Balkon und unterhalten sich , während unten ein einzelnes Auto vorbei fährt ."
"A woman in a pink bikini next to a man in brown .","Eine Frau in einem rosafarbenen Bikini neben einem braun gekleideten Mann ."
"A female walking wearing a string bikini towards a man in a striped shirt .","Eine weibliche Person mit einem String @-@ Bikini , die auf einen Mann mit einem gestreiften Hemd zugeht ."
"Customers standing in line at a food court .","Kunden , die in einem Gastronomiebereich Schlange stehen ."
"The lady ask the dog to give her the ball on their beach walk .","Beim Strandspaziergang bittet die Dame den Hund , ihr den Ball zu gehen ."
"Two kids in a toy car at a gas station .","Zwei Kinder in einem Spielzeugauto an einer Tankstelle ."
"Three kids play on a dirt path in nature .","Drei Kinder spielen in der Natur auf einem Feldweg ."
"A woman waiting by the train tracks .","Eine Frau , die bei den Gleisen wartet ."
"Two ladies are crossing a street right in front of a restaurant .","Zwei Damen überqueren eine Straße direkt vor einem Restaurant ."
"A guy is kayaking through some rapids .","Ein Mann fährt Kajak durch Stromschnellen ."
"A man in a white shirt and black pants stands with his left hand on top of his head .","Ein stehender Mann mit weißem Hemd und schwarzen Hosen hat die linke Hand auf seinem Kopf ."
"Asian children playing by a rail .","Asiatische Kinder spielen neben einem Geländer ."
"3 children wearing hats playing on a horse","3 Kinder mit Mützen , die auf einem Pferd spielen"
"A little girl poses on her bike with her dog in the woods .","Ein kleines Mädchen posiert auf ihrem Fahrrad , während ihr Hund im Wald ist ."
"A young child being hugged by a woman with light brown hair .","Ein Kind , das von einer Frau mit hellbraunen Haaren umarmt wird ."
"Men with bagpipes and kilts stand around in a circle .","Männer mit Dudelsäcken und Kilts stehen im Kreis ."
"Three men in camouflage clothing and another man in a hat and red shirt and blue shorts standing in front of a building .","Drei Männer in Tarnkleidung und ein Mann mit Mütze , rotem Oberteil und blauen Shorts stehen vor einem Gebäude ."
"The man in the striped shirt is taking a picture of the other man in gray .","Der Mann im gestreiften Hemd macht ein Foto von dem anderen , grau gekleideten Mann ."
"Two old men sit next to a young Asian woman in strange looking chairs .","Zwei alte Männer sitzen neben einer jungen asiatischen Frau in komischen Stühlen ."
"Children dressed in Halloween costumes are enjoying a performance .","Kinder in Halloween @-@ Kostümen freuen sich an einer Vorführung ."
"A little girl in a blue coat is rocking on a red playground toy .","Ein kleines Mädchen in einem blauen Mantel schaukelt auf einem roten Spielplatzgerät ."
"A man in a suit passing by a record shop .","Ein Mann im Anzug , der an einem Plattenladen vorbeigeht ."
"A man is walking two poodles on leashes in a city .","Ein Mann geht mit zwei Pudeln an der Leine in einer Stadt Gassi ."
"Little girl in a blue dress uses a pink hula @-@ hoop .","Ein kleines Mädchen in einem blauen Kleid benutzt einen rosafarbenen Hula @-@ Hoop @-@ Reifen ."
"A team of dogs , and a woman following on a bike .","Ein Hundeteam und eine Frau , die einem Fahrrad folgen ."
"A man plays steel drums near the water as people pass by .","Ein Mann spielt Stahlfässer am Wasser , während Leute vorbeigehen ."
"A man in a yellow hat holds a colorful blow @-@ up hammer .","Ein Mann mit einer gelben Mütze hält einen bunten aufblasbaren Hammer ."
"Three people walk past a man playing a flute on the sidewalk .","Drei Personen gehen an einem Mann auf dem Bürgersteig vorbei , der Flöte spielt ."
"Young women wearing a brown two piece swimsuit building a sand castle on a beach .","Junge Frauen mit einem braunen , zweiteiligen Badeanzug bauen eine Sandburg am Strand ."
"A family is lounging on their porch .","Eine Familie liegt auf der Veranda herum ."
"Three people are looking at the ground near a table and several chairs .","Drei Personen blicken in der Nähe eines Tischs und mehrerer Stühle auf den Boden ."
"Two small children climbing the steps onto a plane .","Zwei kleine Kinder klettern die Stufen zu einem Flugzeug hinauf ."
"Two hockey players stand and compete for the puck while a goalie crouches in front of the net .","Zwei Hockeyspieler stehen und kämpfen um den Puck , während ein Goalie vor dem Netz kauert ."
"The hikers are climbing up the mountains .","Die Wanderer erklimmen die Berge ."
"A runner is being handed a water bottle from a woman in a teal jacket holding an umbrella .","Ein Wettläufer bekommt von einer Frau in einer türkisen Jacke mit einem Schirm eine Wasserflasche gereicht ."
"A lady and a toddler stare at themselves in a mirror .","Eine Dame und ein Kleinkind sehen sich im Spiegel an ."
"An asian woman in a pink sweater holding incense sticks .","Eine asiatische Frau in rosafarbenem Pullover , die Räucherstäbchen hält ."
"A child sliding face first down a metal tube","Ein Kind , das mit dem Kopf nach vorne ein Metallrohr herunterrutscht ."
"A man holds on to a handle in the water .","Ein Mann hält sich an einem Griff im Wasser ."
"A group of people looking at a little baby with blond @-@ hair .","Mehrere Personen betrachten ein kleines blondes Baby ."
"A boy in a swimsuit walking in the sand towards the water","Ein Junge in einer Badehose , der im Sand auf das Wasser zu geht"
"A man in a purple shirt , surrounded by people .","Ein Mann mit violettem Hemd , umgeben von Menschen ."
"An orange cat with black stripes on a beach .","Eine orangefarbene Katze mit schwarzen Streifen am Strand ."
"Kids playing basketball in an old court .","Kinder , die auf einem alten Platz Basketball spielen ."
"A group of people are walking around a crowded area with dirt on the ground .","Eine Personengruppe geht in einer überfüllten Gegend mit Schmutz auf dem Boden herum ."
"The brown dog catches a ball in the air .","Der braune Hund fängt in der Luft einen Ball ."
"A group of people hold on as they ride on public transportation .","Mehrere Personen halten sich bei einer Fahrt mit einem öffentlichen Verkehrsmittel fest ."
"Several people walking down a flight of stone stairs during the day .","Mehrere Leute , die tagsüber eine Steintreppe herunter kommen ."
"Three boys play around a fountain in an office building courtyard .","Drei Jungen spielen um einen Brunnen im Hof eines Bürogebäudes ."
"Wet girl in yellow swimsuit looks over cliff to a swimmer in the water .","Ein nasses Mädchen in einem gelben Badeanzug blickt über eine Klippe zu einem Schwimmer im Wasser ."
"A brown dog is running towards three other dogs .","Ein brauner Hund rennt auf drei andere Hunde zu ."
"A man stares at another man observing his shaving technique .","Ein Mann starrt einen anderen Mann an und beobachtet seine Rasiertechnik ."
"A Toyota truck is parked outside a busy store being renovated .","Ein Toyota @-@ Lkw parkt vor einem belebten Geschäft , das gerade renoviert wird ."
"There is a big yellow backhoe in the middle of the street .","Mitten auf der Straße steht ein großer gelber Bagger ."
"A man in a white tank top using a laptop sitting next to a tall pillar with a statue on top of it .","Ein Mann mit weißen Tanktop , der neben einer hohen Säule mit einer Statue darauf ein Laptop benutzt ."
"A small brown dog is playing with a fuzzy slipper .","Ein kleiner brauner Hund spielt mit einem fusseligen Hausschuh ."
"Two girls in matching pink and white dresses and two smaller boys in matching black and white shirts .","Zwei Mädchen in zueinander passenden rosafarbenen und weißen Kleidern und zwei kleinere Jungen in zueinander passenden schwarz @-@ weißen Hemden ."
"A caucasian man wearing a black t @-@ shirt is holding up two sticks .","Ein kaukasischer Mann mit einem schwarzen T @-@ Shirt hält zwei Stöcke hoch ."
"A baby in a ball pit and a toddler playing near the feet of the person taking the picture .","Ein Baby in einem Kugelbad und ein Kleinkind , das in der Nähe der Füße der Person spielt , die das Foto macht ."
"Three men are together , two sitting and one standing .","Drei Männer sind zusammen , zwei sitzen und einer steht ."
"A woman with a red cape is getting her haircut .","Eine Frau mit einem roten Umhang bekommt die Haare geschnitten ."
"The lady in the black shirt is fixing the other lady 's hair .","Die Dame im schwarzen Oberteil kümmert sich um die Haare der anderen Dame ."
"A woman is cutting another woman 's hair as she smiles at the camera .","Eine Frau schneidet einer anderen Frau die Haare und lächelt in die Kamera ."
"The lady is wearing a blue fire department shirt .","Die Dame trägt ein blaues Feuerwehrhemd ."
"A man in a blue shirt wearing glasses uses a thin paintbrush to paint on a large canvas .","Ein Mann mit blauem Hemd und Brille benutzt einen dünnen Pinsel , um auf eine große Leinwand zu malen ."
"People walk down a city street past a record store .","Leute gehen auf einer Straße in der Stand an einem Plattenladen vorbei ."
"The legs and mid @-@ sections of two people with skateboards .","Die Beine und Rümpfe von Personen mit Skateboards ."
"A curious child is seen enjoying a projector .","Ein neugieriges Kind ist zu sehen , das sich an einem Projektor freut ."
"A man in a purple getting his haircut with a giant blow dryer faced towards him .","Ein Mann in etwas Violettem bekommt die Haare geschnitten , ihm gegenüber ein riesiger Föhn ."
"A man sitting down reading in the subway station .","Ein Mann sitzt und liest in der U @-@ Bahn @-@ Station ."
"A fully dressed young woman runs a pole down into a swimming pool .","Eine voll bekleidete junge Frau taucht eine Stange in ein Schwimmbecken ein ."
"A young boy showing off while walking his white dog in a neighborhood .","Ein Junge , der angeberisch seinen weißen Hund durch die Nachbarschaft spazieren führt ."
"A boy is holding onto and running along with a merry @-@ go @-@ round .","Ein Junge hält sich an einem Karussell fest und rennt mit ."
"A blond lady with sunglasses smiles .","Eine blonde Dame mit Sonnenbrille lächelt ."
"A large campfire at night with several people sitting around it .","Ein großes Lagerfeuer bei Nacht mit mehreren Leuten , die darum herum sitzen ."
"Two workers in orange vests perform their job .","Zwei Arbeiter in orangefarbenen Warnwesten gehen ihrer Arbeit nach ."
"A group of men are dressed in old military costumes , carrying instruments as if in a parade .","Eine Gruppe von Männern in alten Militärkostümen , die Instrumente tragen , als ob sie an einem Umzug teilnehmen ."
"A man is hanging from the edge of a rock while two others catch him .","Ein Mann hängt von einer Felsenkante und zwei andere fangen ihn auf ."
"The dog swims through the water toward the waterfall .","Der Hund schwimmt durch das Wasser auf den Wasserfall zu ."
"The Happy bride and groom waited for the photographer to take their picture .","Die glückliche Braut und der Bräutigam haben auf den Fotografen gewartet , der sie fotografieren soll ."
"Black and white dog in living room standing on hind legs .","Ein schwarz @-@ weißer Hund im Wohnzimmer , der auf den Hinterbeinen steht ."
"A group of girls is sitting in the dance studio .","Eine Gruppe von Mädchen , die in einem Tanzstudio sitzen ."
"A girl wearing a blue short and yellow shirt uniform throws a yellow softball while a girl in a black and red short uniform and red helmet runs .","Ein Mädchen mit blauen Shorts und einem gelben Oberteil wirft einen gelben Softball , während ein Mädchen in einem schwarz @-@ roten kurzen Dress und rotem Helm rennt ."
"A young girl is swinging in a backyard .","Ein Mädchen schaukelt in einem Hinterhof ."
"A group of children play in the street where water is sprayed .","Eine Gruppe von Kindern spielt in der Straße , wo Wasser verspritzt wird ."
"A girl in a red shirt is outside crying .","Ein Mädchen in rotem Oberteil ist draußen und weint ."
"Two dogs on leashes straining toward each other while their owners walk away from each other .","Zwei angeleinte Hunde ziehen aufeinander zu , während die Besitzer voneinander weg gehen ."
"The little boy has a butterfly on his dirt @-@ laden hands .","Der kleine Junge hat einen Schmetterling auf seinen ganz schmutzigen Händen ."
"A woman in a green sweater is sitting down with a tennis racket about to hit a tennis ball .","Eine Frau mit einem grünen Pullover setzt sich mit einem Tennisschläger , der gleich einen Tennisball trifft ."
"Man wearing headscarf grasping a tree in the jungle .","Ein Mann mit Kopftuch , der einen Baum im Dschungel packt ."
"A child in a striped shirt gleefully plays among some water fountains .","Ein Kind mit einem gestreiften Oberteil spielt ausgelassen an Springbrunnen ."
"Men are sitting on stairs as a woman walks by .","Männer sitzen auf Stufen , als eine Frau vorbei geht ."
"Black dog with a red collar is climbing over fence posts .","Ein schwarzer Hund mit rotem Halsband klettert über Zaunpfosten ."
"A child dressed like a pirate smiles .","Ein Kind , das wie ein Pirat gekleidet ist , lächelt ."
"Two dogs are running next to each other on the grass .","Zwei Hunde rennen nebeneinander auf der Wiese ."
"A man gets air time on his wakeboard .","Ein Mann auf seinem Wakeboard ist in der Luft ."
"Two males are sitting on a dock , one of which is playing guitar , and another two are standing in front of them .","Zwei männliche Personen , von denen eine Gitarre spielt , sitzen an einer Anlegestelle , zwei weitere stehen vor ihnen ."
"Two children are playing a game near a stage area .","Zwei Kinder spielen in der Nähe einer Bühne ein Spiel ."
"Woman in blue jacket and woman in denim outfit with a group on a mountain .","Eine Frau mit blauer Jacke und eine Frau im Jeans @-@ Outfit mit einer Gruppe auf einem Berg ."
"An elderly man , wearing a white hat , is sweeping a parking lot .","Ein älterer Mann mit einer weißen Mütze kehrt einen Parkplatz ."
"A Veteran 's Parade with three of the flag bearers presenting their flags .","Ein Veteranenaufmarsch mit drei der Fahnenträger , die ihre Fahnen präsentieren ."
"A man on a truck decorated with flags and bunting .","Ein Mann auf einem Lkw , der mit Fahnen und Wimpeln dekoriert ist ."
"A masked man in a Halloween mask looks on at a woman .","Ein maskierter Mann mit Halloween @-@ Maske sieht eine Frau an ."
"A woman in a black blouse playing a card game .","Eine Frau mit schwarzem Oberteil , die Karten spielt ."
"Two females , one wearing blue the other black , smiling and laughing","Zwei weibliche Personen , die lächeln und lachen , eine blau gekleidet , die andere schwarz"
"A girl in a jacket on a bed .","Ein Mädchen in einer Jacke auf einem Bett ."
"Many people are on the beach , near a building with flags flying .","Viele Leute sind am Strand in der Nähe eines Gebäudes mit Fahnen ."
"Black dogs jump in pool to a hand .","Ein schwarzer Hund springt in ein Schwimmbecken zu einer Hand ."
"A man that is wearing a gray military shirt with medals and a light blue cap with gold on it is waving his arm .","Ein Mann mit grauem Soldatenhemd mit Medaillen und einer hellblauen Mütze mit Gold winkt ."
"A person at a table , dressed in a black costume .","Eine Person an einem Tisch , die ein schwarzes Kostüm trägt ."
"An older gentleman , wearing a t @-@ shirt and shorts , is flipping burgers on a large stainless steel gas grill .","Ein älterer Herr in T @-@ Shirt und kurzen Hosen wendet Bratlinge auf einem großen Gasgrill aus Edelstahl ."
"A very happy singer in an extravagant outfit .","Ein sehr fröhlicher Sänger in einem extravaganten Outfit ."
"A woman carrying a mannequin is walking down the sidewalk and talking on a mobile phone .","Eine Frau , die eine Schaufensterpuppe trägt , geht auf dem Bürgersteig und spricht in ein Handy ."
"A child stands alone holding a red balloon looking into a dark interior .","Ein Kind steht alleine da , blickt in einen dunklen Raum und hält einen roten Luftballon ."
"A man driving down the street in an old fashioned fire engine waves at onlookers during a parade .","Ein Mann fährt bei einem Umzug in einem altmodischen Feuerwehrauto die Straße entlang und winkt Zuschauern zu ."
"An old man with a mustache is sitting down holding a gun and smiling .","Ein sitzender alter Mann mit Schnauzbart hält ein Gewehr und lächelt ."
"A woman wearing a red cloth on her head passes in front of a blue shack while as she walks down the street .","Eine Frau mit einem roten Tuch auf dem Kopf geht auf der Straße vor einer blauen Hütte vorbei ."
"A female cheerleader in a shiney blue cheerleaders outfit leaps across stage while performing .","Eine Cheerleaderin in einem glänzenden blauen Cheerleader @-@ Outfit springt tanzend über die Bühne ."
"A woman wears a devil costume and poses in front of a fountain .","Eine Frau trägt ein Teufelskostüm und posiert vor einem Brunnen ."
"A group of DHL employees pose in the parking lot for a photograph .","Eine Gruppe von DHL @-@ Mitarbeitern posiert auf dem Parkplatz für ein Foto ."
"Three people walking on a trail in the middle of the day .","Drei Personen gehen mitten am Tag auf einem Pfad ."
"A waitress talking with a man at an outside cafe .","Eine Kellnerin mit einem Mann in einem Straßencafé ."
"A child , carrying a closed blue umbrella , is walking with another child who is under a yellow umbrella , on a muddy path .","Ein Kind , das einen geschlossenen blauen Schirm trägt , geht mit einem anderen Kind , das sich unter einem gelben Schirm befinden , einen schlammigen Pfad entlang ."
"A clown is smiling for a picture during a parade .","Ein Clown bei einem Umzug lächelt für ein Foto ."
"Two people raise their arms on a snowy hill in the mountains .","Zwei Personen heben auf einem verschneiten Hügel in den Bergen ihre Arme ."
"A kid in a black shirt standing behind the counter at a store .","Ein Kind mit schwarzem Hemd , das hinter der Theke eines Ladens steht ."
"A man is sitting at a laptop , while two men ( one sitting , one standing up ) face each other in the background .","Ein Mann sitzt am Laptop , während zwei Männer ( einer sitzend , einer stehend ) sich im Hintergrund einander gegenüber befinden ."
"A dog with a harness and a toy its mouth .","Ein Hund mit Geschirr , der ein Spielzeug im Mund hat ."
"A chinese man wearing a traditional Chinese rice hat carries a balanced load across his shoulder with the use of a long stick .","Ein chinesischer Mann , der einen traditionellen chinesischen Reishut trägt und eine Last mithilfe eines langen Stocks auf der Schulter balanciert ."
"A woman is painting a copy of a picture hanging on the wall .","Eine Frau malt eine Kopie eines Bilds , das an der Wand hängt ."
"Four sports fans walking together with garbage bags on their heads that read C U B S .","Vier Sportfans , die zusammen mit Mülltonnen auf dem Kopf unterwegs sind , auf denen CUBS steht ."
"Two men in white uniforms with black belts are competing in a martial arts tournament .","Zwei Männer in weißen Uniformen mit schwarzen Gürteln nehmen an einem Kampfsportturnier teil ."
"A group of people march in a parade on a sunny day guiding an Oscar the Grouch float .","Eine Gruppe geht bei einem Umzug an einem sonnigen Tag und führt einen „ Oscar the Grouch “ -Wagen ."
"Man cutting cake on a pink mat .","Ein Mann schneidet einen Kuchen auf einer rosafarbenen Unterlage auf ."
"A cat sits on a piano behind open sheet music and a glass lamp that is on .","Eine Katze sitzt auf einem Klavier hinter geöffneten Noten und einer eingeschalteten Glaslampe ."
"A man with a red bowtie singing a solo with a full men 's choir in the background .","Ein Mann mit roter Fliege , der ein Solo singt , mit einem vollständigen Männerchor im Hintergrund ."
"A military man playing drums from America 's Corp Fort Lewis , Washington while in a parade","Ein Militärangehöriger , der bei einer Parade Trommeln von America ' s Corp Fort Lewis , Washington spielt ."
"The most amazing recreational activity outdoor camping .","Eine absolut faszinierend Freizeitaktivität : im Freien Campen ."
"A little girl with blond @-@ hair and blue eyes is wearing a sweater while she sits next to a warm fire .","Ein kleines blondes Mädchen mit blauen Augen trägt einen Pullover und sitzt an einem warmen Feuer ."
"A man cutting a piece of cake at an office party .","Ein Mann schneidet bei einer Party im Büro ein Stück Kuchen ab ."
"A man in a brown coat is wearing a helmet and riding a bicycle while carrying two plastic bags .","Ein Mann mit braunem Mantel und Helm fährt mit zwei Plastiktüten Fahrrad ."
"A man wearing a red costume stands near others .","Ein Mann mit einem roten Kostüm steht neben anderen ."
"A woman in a red hat and dress sits alone on a park bench .","Eine Frau mit rotem Hut und Kleid sitzt alleine auf einer Parkbank ."
"A man is laughing while wearing a white shirt .","Ein Mann lacht und trägt ein weißes T @-@ Shirt ."
"Middle @-@ aged female wearing a white sunhat and white jacket , slips her hand inside a man 's pants pocket .","Eine weibliche Person mittleren Alters mit Sonnenhut und weißer Jacke steckt die Hand in die Hosentaschen eines Mannes ."
"Someone sitting on a yellow motorcycle .","Jemand sitzt auf einem gelben Motorrad ."
"A younger boy is at the dentist holding someone 's hand .","Ein Junge ist beim Zahnarzt und hält jemandes Hand ."
"A man touches a painting on a wall .","Ein Mann berührt ein Gemälde an der Wand ."
"A lady and a man kneeling down holding a string while another lady looks at them .","Eine Dame und ein Mann , die knien und eine Schnur halten , während eine andere Dame sie ansieht ."
"A man in a yellow shirt is cutting his birthday cake .","Ein Mann mit gelbem Hemd schneidet seinen Geburtstagskuchen an ."
"A man in a black coat and blue shirt is talking on his phone indoors .","Ein Mann mit schwarzem Mantel und blauem Hemd , der in einem Gebäude am Telefon spricht ."
"Young people sit on the rocks beside their recreational vehicle .","Junge Leute sitzen auf den Felsen neben ihrem Freizeitfahrzeug ."
"A man with a tattoo holding a mop near a video game store .","Ein Mann mit einem Tattoo , der in der Nähe eines Videospielgeschäfts einen Mopp hält ."
"Two man , one in a baseball uniform are throwing a ball .","Zwei Männer , einer davon in Baseballuniform , werfen einen Ball ."
"A large group of people watching fire works together .","Eine große Menschenansammlung , die zusammen ein Feuerwerk betrachtet ."
"A person in uniform is standing and their shadow is being cast next to them .","Der Schatten einer stehenden Person in Uniform wird neben diese Person geworfen ."
"A small girl is on a baseball field where an older man is gesturing toward the crowd .","Ein kleines Mädchen auf einem Baseballplatz , wo ein älterer Mann zur Menschenmenge hin gestikuliert ."
"An old man in a white hat is napping at a fishing pier .","Ein älterer Mann mit weißer Mütze macht an einer Anlegestelle für Fischer ein Schläfchen ."
"Visitors travel along a mountain path as they walk along a safety fence .","Besucher gehen an einem Sicherheitszaun einen Bergpfad entlang ."
"Good Samaritan pulling an extremely drunken man out of the street onto the sidewalk to avoid him from being run over .","Ein guter Samariter zieht einen extrem betrunkenen Mann von der Straße auf den Gehweg , damit dieser nicht überfahren wird ."
"A woman looking in a telescope to look at something really small , most likely some sort of science lab .","Eine Frau , die mit einem Teleskop etwas ganz Kleines betrachtet , wahrscheinlich in einem wissenschaftlichen Labor ."
"Five people , wearing dark blue shirts , give a presentation outdoors .","Fünf Personen mit dunkelblauen Hemden die im Freien etwas vorführen ."
"A kid on the beach buried himself in sand with only his head exposed .","Ein Kind am Strand hat sich so in den Sand eingebuddelt , dass nur noch sein Kopf frei ist ."
"A woman talking to a group of three other women .","Eine Frau , die zu einer aus drei Frauen bestehenden Gruppe spricht ."
"A girl , with face paint on , who is wearing a red shirt is painting an image .","Ein Mädchen mit rotem Oberteil und Gesichtsbemalung malt ein Bild ."
"A female looks on as a man restrains a young boy .","Eine weibliche Person sieht zu , wie ein Mann einen Jungen festhält ."
"A woman wearing glasses and a yellow shirt is holding her hand out .","Eine Frau mit Brille und gelbem Oberteil streckt ihre Hand aus ."
"Two guys on a beach holding a third guy by his arms and ankles .","Zwei Männer am Strand halten einen dritten an Armen und Beinen ."
"A group of young men is buried up to their chest in sand .","Eine Gruppe junger Männer ist bis zur Brust in Sand eingegraben ."
"A woman and a child are walking on a leaf @-@ lined sidewalk , heading towards two people riding horses .","Eine Frau und ein Kind gehen auf einem mit Laubgewächsen gesäumten Gehweg auf zwei Personen zu , die Pferde reiten ."
"People walk by the construction that is occurring in a city .","Leute gehen an einer Baustelle in einer Stadt vorbei ."
"Two men with bags run in the same direction .","Zwei Männer mit Taschen rennen in dieselbe Richtung ."
"A man holding a walkie talkie in front of an open green box with controls in it .","Ein Mann mit einem Walkie @-@ Talkie vor einer offenen grünen Schachtel mit Reglern ."
"A young man in a tie , pushing his bike .","Ein junger Mann mit Krawatte , der sein Fahrrad schiebt ."
"A blond @-@ haired man dressed in dark colors sitting next to a woman dressed in green and wearing a black beret .","Ein blonder Mann mit dunkler Bekleidung , der neben einer grün gekleideten Frau mit einer schwarzen Baskenmütze sitzt ."
"A group of men are cleaning up debris","Eine Gruppe von Männern , die Schutt beseitigen ."
"The smiling woman in the red helmet is outdoors holding a very long rope .","Die lächelnde Frau mit dem roten Helm ist draußen und hält ein sehr langes Seil ."
"Crowds of people dancing during a street festival .","Menschenmassen tanzen auf einem Straßenfestival ."
"A man and two young children play music for a group of onlookers .","Ein Mann und zwei Kinder spielen für eine Gruppe von Zuschauern Musik ."
"Three men in a living room having a discussion .","Drei Männer in einem Wohnzimmer diskutieren ."
"A man driving a green jeep is crossing over large rocks .","Ein Mann , der einen grünen Jeep fährt , fährt über große Steine ."
"A woman with heavy makeup is standing next to a red light sign .","Eine stark geschminkte Frau steht neben einem Rotlichtschild ."
"A dog catches a Frisbee as it jumps on the grass .","Ein Hund springt auf dem Gras und fängt eine Frisbee @-@ Scheibe ."
"Crowd gathers to listen to a band","Eine Menschenmenge versammelt sich , um eine Band anzuhören ."
"A man walking across a crosswalk with long hair , a green hoodie , and a backpack .","Ein Mann mit langen Haaren , grünem Kapuzenpulli und Rucksack , der eine Fußgängerübergang überquert ."
"Blond woman sitting on dock wearing a white dress .","Eine blonde Frau , die an einer Anlegestelle sitzt und ein weißes Kleid trägt ."
"Woman in white bikini top and blue shorts with body of water in the background .","Eine Frau mit einem weißen Bikini @-@ Oberteil und blauen Shorts , mit einem Gewässer im Hintergrund ."
"Many bicyclists racing along a dirt road .","Viele Fahrradfahrer , die auf einer unbefestigten Straßen ein Rennen fahren ."
"Two little boys , from the waist up , in a martial arts match , one delivering a punch and the other blocking .","Zwei kleine Jungen von der Hüfte aus aufwärts , die Kampfsport machen , wobei der eine einen Schlag ausführt und der andere blockt ."
"Two kids with yellow belts are dueling in a martial arts class .","Zwei Kinder mit gelben Gürteln kämpfen in einem Kampfsportkurs miteinander ."
"A pregnant lady is sitting at an outside restaurant table and caressing her stomach .","Eine schwangere Dame sitzt am Tisch eines Restaurants auf der Straße und streichelt ihren Bauch ."
"A man wearing red pants about to reach the ground .","Ein Mann mit roten Hosen , kurz bevor er den Boden erreicht ."
"A group of young children , boys and girls , are playing a game of soccer .","Eine Gruppe von Kindern , Jungen und Mädchen , die Fußball spielen ."
"A young boy dressed in blue and white is kicking a soccer ball .","Ein blau @-@ weiß gekleideter Junge kickt einen Fußball ."
"A group of people form a procession , several of them holding signs with photographs on them .","Eine Gruppe aus einer Prozession , in der mehrere Personen Schilder mit Fotos darauf tragen ."
"The boy in red swimming trunks is jumping on the sand .","Der Junge mit der roten Badehose springt auf dem Sand ."
"Two asian children sitting in chairs in the street on summer day .","Zwei asiatische Kinder , die an einem Sommertag in Stühlen auf der Straße sitzen ."
"A man is swinging on a rope above the water .","Ein Mann schwingt ein Seil über dem Wasser ."
"There is a man swinging off a rope swing into a lake .","Ein Mann schwingt sich an einem Seil in einen See ."
"The crowd at a game in LA takes their seats .","Die Menschenmenge bei einem Spiel in LA setzt sich auf ihre Sitze ."
"A group of volunteers working with children to do a toy drive outside of a toys r us for children in need .","Eine Gruppe Freiwilliger , die mit Kindern arbeitet , um draußen vor einem „ Toys r us “ Spielzeug für Kinder in Not zu sammeln ."
"A woman in black is taking photographs .","Eine schwarz gekleidete Frau fotografiert ."
"A small boy in a bathing suit walks over a drain grid while water is sprinkled on him .","Ein kleiner Junge in einer Badehose wird mit Wasser bespritzt und geht über ein Abflussgitter ."
"A perspiring , tattooed man plays a guitar .","Ein schwitzender tätowierter Mann spielt Gitarre ."
"A bird 's eye view of four people standing in the middle of tall rocks .","Vier Personen , die inmitten hoher Felsen stehen , aus der Vogelperspektive ."
"People are standing or walking near railroad tracks .","Leute stehen und gehen in der Nähe von Bahngleisen ."
"A man in a purple shirt riding a red bike .","Ein Mann mit violettem Hemd , der ein rotes Fahrrad fährt ."
"A man gives a boy high @-@ fives outside a barber shop .","Ein Mann gibt einem Jungen vor einem Friseurladen High @-@ Fives ."
"Four kids , two girls and two boys going on an adventure in a canoe .","Vier Kinder , zwei Mädchen und zwei Jungen , die in einem Kanu auf Abenteuerfahrt gehen ."
"People with safety vests stand in a field with shovels .","Leute mit Warnwesten und Schaufeln stehen auf einem Feld ."
"A man in a yellow vest is smoking and working in a field .","Ein Mann mit gelber Weste raucht und arbeitet auf einem Feld ."
"A man in heavy windbreaker clothing walking through a field .","Ein Mann mit schwerer windfester Kleidung , der durch ein Feld geht ."
"Three men in safety vests work along a roadside .","Drei Männer mit Warnwesten arbeiten am Straßenrand ."
"Two men in blue uniforms and green workman vest .","Zwei Männer mit blauen Uniformen und grüner Arbeiterweste ."
"A man drives a piece of farm equipment in a field .","Ein Mann fährt auf einem Feld eine Landmaschine ."
"Girls are trying to hit the ball during a volleyball game .","Mädchen versuchen bei einem Volleyballspiel den Ball zu treffen ."
"Two dogs are running through water carrying a rope and red float in their mouths .","Zwei Hunde rennen durch das Wasser und tragen ein Seil und eine rote Schwimmweste im Maul ."
"Two men peering down from scaffolding .","Zwei Männer , die von einem Gerüst nach unten blicken ."
"A man in a black cap and blue shirt is looking for gold .","Ein Mann mit schwarzer Mütze und blauem Hemd sucht nach Gold ."
"A man in a green shirt smoothing wet concrete .","Ein Mann mit einem grünen Hemd , der nassen Beton glättet ."
"An older Asian man stands next to a large tub of rice .","Ein älterer asiatischer Mann steht neben einem großen Bottich mit Reis ."
"A woman sits next to a bucket of collected clams .","Eine Frau sitzt neben einem Eimer mit frisch gesammelten Muscheln ."
"A man in a black shirt is playing percussion on a set of empty five gallon buckets .","Ein Mann mit einem schwarzen Hemd spielt auf leeren 5 @-@ Gallonen @-@ Eimern Schlagzeug ."
"A woman selling flowers on the street corner .","Eine Frau , die an der Straßenecke Blumen verkauft ."
"A tall man and a shorter man walking and talking , wearing the same sandals .","Ein großer Mann und ein kleiner Mann , die miteinander gehen und reden und dieselben Sandalen tragen ."
"Two men are filling out paperwork for a man in a red shirt who is behind the counter .","Zwei Männer füllen für einen Mann hinter der Theke , der ein rotes Hemd trägt , Papiere aus ."
"A band performs on stage while the crowd raises their hands and clap .","Eine Band spielt auf der Bühne , die Menge hebt die Hände und klatscht ."
"A man is standing underneath a large bell .","Ein Mann steht unter einer großen Glocke ."
"Two men standing in dark clothing at a bus stop , one is reading the newspaper .","Zwei Männer in dunkler Kleidung stehen an einer Bushaltestelle , einer davon liest Zeitung ."
"A blond woman wearing jeans is reading on a bench .","Eine blonde Frau , die Jeans trägt , sitzt auf einer Bank ."
"A little girl in a pink dress crying .","Ein kleines Mädchen in einem rosafarbenen Kleid , das weint ."
"Men enjoying a sandwich at a street fair .","Männer essen auf einem Straßenfest ein belegte Brote ."
"A large , black dog with something in its mouth is coming out of a pool of water .","Ein großer schwarzer Hund , der etwas im Maul hat , kommt aus einem Tümpel ."
"A man and woman wearing Mickey Mouse ears in a crowd .","Ein Mann und eine Frau mit Mickey @-@ Maus @-@ Ohren in einer Menschenmenge ."
"A young man is texting while standing in front of a poster .","Ein junger Mann steht vor einem Poster und schreibt eine SMS ."
"Two young men are standing on the sidewalk talking to each other .","Zwei junge Männer stehen auf dem Bürgersteig und sprechen miteinander ."
"A black man wearing a blue shirt and some bling starring into the camera .","Ein schwarzer Mann mit blauem Hemd und irgendeinem Goldschmuck starrt in die Kamera ."
"Woman stands against wall filled with old advertisements wearing a short white shirt with jean jacket and skirt .","Eine Frau steht vor einer Wand mit alter Werbung ; sie trägt ein kurzes weißes Hemd mit Jeansjacke und Rock ."
"A black male leaning up against a wall with a water bottle .","Eine schwarze männliche Person mit einer Wasserflasche , die sich an eine Wand lehnt ."
"Two long @-@ haired little girls are sitting on a platform .","Zwei langhaarige kleine Mädchen sitzen auf einer Plattform ."
"A woman in a blue outfit pulls a cat off the roof of a car .","Eine Frau in einem blauen Outfit zieht eine Katze vom Dach eines Autos ."
"Many people are walking through a crowded outdoor marketplace .","Viele Leute gehen durch einen überfüllten Freiluftmarkt ."
"Two workers in their hard hats and safety vests stand near a yellow block of concrete .","Zwei Arbeiter mit Schutzhelmen und Warnwesten stehen neben einem gelben Betonblock ."
"A male drummer and a female singer at a performance .","Ein Schlagzeuger und eine Sängerin bei einer Aufführung ."
"A man in a black suit and straw hat holds a tennis racket as if it were a guitar .","Ein Mann mit schwarzem Anzug und Strohhut hält einen Tennisschläger , als ob es eine Gitarre wäre ."
"A poor woman in a shawl is digging for rocks .","Eine Arme Frau in einem Umschlagtuch grabt nach Steinen ."
"A man is bent overlooking at something on a rocky beach .","Ein Mann hat sich gebückt , um etwas an einem steinigen Strand zu betrachten ."
"A woman giving a cup to an African American man .","Eine Frau gibt einem afroamerikanischen Mann eine Tasse ."
"A man in a black shirt selling fruit at the market .","Ein Mann mit schwarzem Hemd , der auf dem Markt Obst verkauft ."
"Indian ladies dancing in front of crowd","Indische Damen , die vor einer Menschenmenge tanzen"
"A man in the background about to roll a die with army men and a die in the foreground","Ein Mann im Hintergrund , der gleich würfeln wird , mit Soldaten und einem Würfel im Vordergrund"
"A young woman performs a balance beam routine in front of spectators .","Eine junge Frau führt Zuschauern etwas auf einem Schwebebalken vor ."
"A group of people are standing in front of a train .","Eine Gruppe steht vor einem Zug ."
"Crowd shuffles past opening in old structure .","Eine Menge schiebt sich an einer Öffnung in einem alten Bauwerk vorbei ."
"Two men dressed in white shirts button down shirts , white hats , with blue scarves tied around their necks","Zwei Männer mit weißen Hemden , weißen Hüten und blauen Halstüchern um den Hals"
"A man is standing outside at a cafe .","Ein Mann steht draußen in einem Cafe ."
"People standing in front of watermelons on side of the street .","Leute , die vor Wassermelonen am Straßenrand stehen ."
"Girl sitting in fire for a show","Ein Mädchen , das für eine Show im Feuer sitzt"
"Two young girls are wearing bathing suits and standing under falling water .","Zwei Mädchen in Badeanzügen stehen unter herunterfallendem Wasser ."
"A black and white dog runs in some leaves .","Ein schwarz @-@ weißer Hund rennt durch Blätter ."
"A boy in a Renaissance Fair costume is standing by cars parked on grass .","Ein Junge in einem Mittelalterkostüm steht neben Autos , die auf einer Wiese geparkt sind ."
"A black dog and a tan dog fighting .","Ein schwarzer Hund und ein lohfarbener Hund kämpfen ."
"A woman is soldering a piece of metal as a man watches .","Eine Frau lötet ein Stück Metall , während ein Mann zusieht ."
"A young man climbs a mountain , another follows below .","Ein junger Mann klettert auf einen Berg , ein anderer folgt weiter unten ."
"A boy does a cartwheel on a rock cliff .","Ein Jung schlägt auf einer Felsenklippe ein Rad ."
"An older gentleman looking down at his beer .","Ein älterer Herr blickt auf sein Bier hinunter ."
"Woman in white in foreground and a man slightly behind walking with a sign for John 's Pizza and Gyro in the background .","Eine weiß gekleidete Frau im Vordergrund und leicht nach hinten versetzt ein Mann sind unterwegs , im Hintergrund ein Schild für John ' s Pizza und Gyro ."
"Little train rides with the family .","Fahrt mit einem kleinen Zug mit der Familie ."
"A woman is stirring the contents of a cooking pot .","Eine Frau , die in einem Kochtopf rührt ."
"A city street is being cleaned by a man in a green vehicle .","Eine Straße in der Stadt wird von einem Mann in einem grünen Fahrzeug gereinigt ."
"A gray dog explores a fallen tree in the woods .","Ein grauer Hund untersucht einen umgefallenen Baum im Wald ."
"Four women sharing a meal are laughing together .","Vier Frauen , die miteinander essen , lachen zusammen ."
"Man in green shirt and cargo khakis standing next to a green jeep .","Ein Mann mit grünem Hemd und Cargo Khakis steht neben einem grünen Jeep ."
"Three girlfriends are sitting in a darkened theater .","Drei Freundinnen sitzen in einem abgedunkelten Theater ."
"An elderly man pushes a cart with a loved one 's memorial picture down the street .","Ein älterer Mann schiebt einen Karren mit dem Bild eines geliebten Menschen die Straße entlang ."
"A woman in a green vest is taking a picture of a horse .","Eine Frau mit grüner Weste fotografiert ein Pferd ."
"A young boy wearing a red shirt stands in the street with his arms open wide .","Ein Junge mit rotem Hemd steht mit weit geöffneten Armen auf der Straße ."
"A man holding onto a small girl on a bike .","Ein Mann hält ein kleines Mädchen auf einem Fahrrad ."
"A man wearing a black shirt and a little girl wearing an orange dress share a treat .","Ein Mann mit schwarzem Hemd und ein kleines Mädchen mit einem orangefarbenen Kleid teilen sich eine Süßigkeit ."
"A man , seated , serves food to a little girl .","Ein sitzender Mann tut einem kleinen Mädchen Essen auf ."
"Woman and older man are walking side @-@ by @-@ side on treadmills in a fitness room .","Eine Frau und ein älterer Mann gehen in einem Fitnessstudio nebeneinander auf Laufbändern ."
"A guy is singing into a microphone .","Ein Mann singt in ein Mikrophon ."
"A woman shields her eyes from the sun as she walks on a city street .","Eine Frau , die auf einer Straße in der Stadt geht , schützt ihre Augen vor der Sonne ."
"People walk around a crowded market street .","Leute gehen auf einer vollen Marktstraße ."
"A couple in jeans strolls down a street that is adjacent to an area being blocked off with orange netting .","Ein Paar in Jeans schlendert eine Straße entlang , die neben einem mit orangefarbenen Netzen abgesperrten Bereich liegt ."
"Two girls are laying in bed with two small dogs .","Zwei Mädchen liegen mit zwei kleinen Hunden im Bett ."
"A man and a woman are posing for a photo beside a rack of clothes .","Ein Mann und eine Frau posieren neben einem Kleiderständer für ein Foto ."
"A climber is scaling a mountain cliff .","Ein Kletterer , der an einer Bergwand hoch klettert ."
"Two women wearing what appears to be airline stewardess attire and sunglasses waving inside a building .","Zwei Frauen mit Sonnenbrillen , die etwas tragen , was nach Stewardessenkleidung aussieht , und in einem Gebäude winken ."
"A man is standing in front of a Prince St. Cafe .","Ein Mann steht vor einem Prince St. Cafe ."
"Small girl in red , white and black dress looks at large silver orbs .","Ein kleines Mädchen in einem rot @-@ weiß @-@ schwarzen Kleid blickt auf große silberne Kugeln ."
"The young children are petting a piglet","Die Kinder streicheln ein Ferkel ."
"A dog walks on a red plank by a blue railing .","Ein Hund geht auf einem roten Brett neben einem blauen Geländer ."
"An older woman in a Burberry coat , eating .","Eine ältere Frau in einem Burberry @-@ Mantel , die isst ."
"A woman in black with a tan suit jacket is standing at a podium speaking to an audience .","Eine Frau in Schwarz mit einem gelbbraunen Jackett steht auf einem Podium und spricht zu einer Zuhörerschaft ."
"A young girl running down a street .","Ein junges Mädchen , das die Straße entlang rennt ."
"A man in a tie plays guitar while a well dressed woman looks over sheet music , possibly to sing .","Ein Mann mit Krawatte spielt Gitarre , während eine gut gekleidete Frau sich Noten ansieht , eventuell um zu singen ."
"As I overlook the city I pick up my guitar because of the inspiration .","Wenn ich auf die Stadt blicke , nehme ich meine Gitarre hoch , weil es so inspirierend ist ."
"A blond child is running down a field with his tongue sticking out .","Ein blondes Kind rennt mit herausgestreckter Zunge über ein Feld ."
"A guy reads a book while sitting in front of a piano .","Ein Mann sitzt vor einem Klavier und liest ein Buch ."
"A person rows a boat over a large body of water .","Eine Person rudert ein Boot über ein großes Gewässer ."
"A dog on a beach dragging an item","Ein Hund am Strand , der etwas zieht"
"A mother cradles her school @-@ aged son in her arms .","Eine Mutter hält ihren im Schulalter befindlichen Sohn im Arm ."
"A woman mounts a ladder to paint the ceiling .","Eine Frau steigt auf eine Leiter , um die Decke zu streichen ."
"A person on a bike has a white dog on a leash .","Eine Person auf einem Fahrrad führt einen weißen Hund an der Leine ."
"A woman with glasses is giving a presentation to two women sitting down .","Eine Frau mit Brille gibt zwei sitzenden Frauen eine Präsentation ."
"A woman is receiving help from the female behind the counter .","Eine Frau bekommt Hilfe von der weiblichen Person hinter der Theke ."
